iter	RMSE
0	44.25500617
100	3.239261039
200	0.3446963759
300	0.02797847216
400	0.002184716781
500	0.0001878875134
600	1.876079006e-05
700	1.402296483e-06
800	1.133327058e-07
900	9.811694308e-09
999	7.486254548e-10
