iter	RMSE
0	50.27213858
100	7.748526997
200	1.067338292
300	0.1312400381
400	0.01648038515
500	0.00187639145
600	0.0002784846024
700	4.724371197e-05
800	6.613826942e-06
900	9.116895897e-07
999	1.567858448e-07
